Nuclide	 A  	 Z 	 N  	 CANIGEN 	 ORIGEN-S	 WIMS
H-3    	   3	  1	   2	 1.74E-05	 1.37E-05	 
Ge-76  	  76	 32	  44	 7.57E-05	 8.30E-05	 
As-75  	  75	 33	  42	 2.75E-05	 3.00E-05	 
Se-77  	  77	 34	  43	 1.78E-04	 1.96E-04	 
Se-78  	  78	 34	  44	 4.73E-04	 5.07E-04	 
Se-79  	  79	 34	  45	 1.17E-03	 1.30E-03	 
Se-80  	  80	 34	  46	 2.98E-03	 3.21E-03	 
Se-82  	  82	 34	  48	 7.24E-03	 7.86E-03	 
Br-79  	  79	 35	  44	 1.62E-08	 2.19E-08	 
Br-81  	  81	 35	  46	 4.90E-03	 5.33E-03	 
Kr-83  	  83	 36	  47	 9.12E-03	 9.92E-03	 9.80E-03
Kr-84  	  84	 36	  48	 2.20E-02	 2.43E-02	 
Kr-85  	  85	 36	  49	 5.05E-03	 5.60E-03	 
Kr-86  	  86	 36	  50	 3.76E-02	 4.19E-02	 
Rb-85  	  85	 37	  48	 2.06E-02	 2.29E-02	 
Rb-87  	  87	 37	  50	 4.91E-02	 5.48E-02	 
Sr-88  	  88	 38	  50	 7.11E-02	 7.92E-02	 
Sr-89  	  89	 38	  51	 2.17E-04	 1.88E-04	 
Sr-90  	  90	 38	  52	 1.13E-01	 1.26E-01	 
Y-89   	  89	 39	  50	 9.39E-02	 1.05E-01	 
Y-90   	  90	 39	  51	 2.84E-05	 3.16E-05	 
Y-91   	  91	 39	  52	 5.56E-04	 5.71E-04	 
Zr-90  	  90	 40	  50	 3.63E-03	 4.14E-03	 
Zr-91  	  91	 40	  51	 1.23E-01	 1.37E-01	 
Zr-92  	  92	 40	  52	 1.34E-01	 1.47E-01	 
Zr-93  	  93	 40	  53	 1.54E-01	 1.68E-01	 
Zr-94  	  94	 40	  54	 1.64E-01	 1.79E+01	 
Zr-95  	  95	 40	  55	 1.27E-03	 1.29E-03	 
Zr-96  	  96	 40	  56	 1.76E-01	 1.89E-01	 
Nb-93  	  93	 41	  52	 7.54E-09	 1.18E-08	 
Nb-93m 	  93	 41	  52	 8.52E-08	 9.57E-08	 
Nb-95  	  95	 41	  54	 1.50E-03	 1.60E-03	 
Mo-95  	  95	 42	  53	 1.70E-01	 1.84E-01	 1.83E-01
Mo-96  	  96	 42	  54	 1.13E-03	 1.31E-03	 
Mo-97  	  97	 42	  55	 1.81E-01	 1.93E-01	 
Mo-98  	  98	 42	  56	 1.85E-01	 1.96E-01	 1.95E-01
Mo-100 	 100	 42	  58	 2.15E-01	 2.26E-01	 
Tc-99  	  99	 43	  56	 1.92E-01	 2.05E-01	 2.03E-01
Ru-100 	 100	 44	  56	 6.08E-03	 6.89E-03	 
Ru-101 	 101	 44	  57	 1.81E-01	 1.89E-01	 1.89E-01
Ru-102 	 102	 44	  58	 1.74E-01	 1.80E-01	 
Ru-103 	 103	 44	  59	 8.09E-05	 7.53E-05	 7.33E-05
Ru-104 	 104	 44	  60	 1.35E-01	 1.33E-01	 
Ru-106 	 106	 44	  62	 3.51E-02	 3.30E-02	 
Rh-103 	 103	 45	  58	 1.54E-01	 1.55E-01	 1.53E-01
Rh-106 	 106	 45	  61	 3.30E-08	 3.10E-08	 
Pd-105 	 105	 46	  59	 8.39E-02	 9.08E-02	 9.01E-02
Pd-106 	 106	 46	  60	 7.62E-02	 6.42E-02	 
Pd-107 	 107	 46	  61	 5.96E-02	 5.48E-02	 
Pd-108 	 108	 46	  62	 4.02E-02	 3.72E-02	 3.78E-02
Pd-110 	 110	 46	  64	 1.16E-02	 1.06E-02	 
Ag-107 	 107	 47	  60	 7.95E-09	 7.27E-09	 
Ag-109 	 109	 47	  62	 2.27E-02	 2.16E-02	 2.87E-02
Ag-110m	 110	 47	  63	 3.26E-05	 3.04E-05	 
Cd-110 	 110	 48	  62	 3.33E-03	 2.54E-03	 
Cd-111 	 111	 48	  63	 5.33E-03	 4.87E-03	 
D-112  	 112	 48	  64	 2.37E-03	 2.19E-03	 
Cd-113m	 113	 48	  65	 2.77E-03	 3.12E-05	 
Cd-113 	 113	 48	  65	 3.23E-05	 3.39E-05	 2.77E-05
Cd-114 	 114	 48	  66	 2.81E-03	 2.66E-03	 
Cd-116 	 116	 48	  68	 8.75E-04	 8.68E-04	 
In-115 	 115	 49	  66	 6.55E-04	 6.60E-04	 6.78E-04
Sn-117 	 117	 50	  67	 8.77E-04	 8.75E-04	 
Sn-118 	 118	 50	  68	 9.02E-04	 9.07E-04	 
Sn-119m	 119	 50	  69	 4.40E-06	 3.69E-06	 
Sn-119 	 119	 50	  69	 9.05E-04	 9.04E-04	 
Sn-120 	 120	 50	  70	 9.26E-04	 9.32E-04	 
Sn-121m	 121	 50	  71	 9.35E-07	 7.26E-07	 
Sn-122 	 122	 50	  72	 1.04E-03	 1.04E-03	 
Sn-123 	 123	 50	  73	 5.16E-05	 2.50E-05	 
Sn-124 	 124	 50	  74	 1.55E-03	 1.57E-03	 
Sn-126 	 126	 50	  76	 4.87E-03	 4.98E-03	 
Sb-121 	 121	 51	  70	 9.67E-04	 9.83E-04	 
Sb-123 	 123	 51	  72	 1.13E-03	 1.19E-03	 
Sb-124 	 124	 51	  73	 6.38E-08	 8.92E-08	 
Sb-125 	 125	 51	  74	 2.17E-03	 2.23E-03	 
Sb-126 	 126	 51	  75	 2.31E-10	 2.37E-10	 
Te-125m	 125	 52	  73	 3.06E-05	 3.10E-05	 
Te-125 	 125	 52	  73	 7.89E-04	 7.87E-04	 
Te-126 	 126	 52	  74	 1.56E-04	 1.41E-04	 
Te-127m	 127	 52	  75	 1.06E-04	 1.00E-04	 
Te-128 	 128	 52	  76	 2.43E-02	 2.50E-02	 
Te-129m	 129	 52	  77	 1.35E-06	 8.52E-07	 
Te-130 	 130	 52	  78	 8.23E-02	 8.50E-02	 
I-127  	 127	 53	  74	 1.18E-02	 1.23E-02	 1.18E-02
I-129  	 129	 53	  76	 4.35E-02	 4.49E-02	 
I-131  	 131	 53	  78	 1.72E-16	 1.70E-16	 1.92E-16
Xe-129 	 129	 54	  75	 2.35E-09	 3.12E-07	 
Xe-131 	 131	 54	  77	 1.24E-01	 1.31E-01	 
Xe-132 	 132	 54	  78	 2.20E-01	 2.30E-01	 
Xe-134 	 134	 54	  80	 3.28E-01	 3.51E-01	 
Xe-136 	 136	 54	  82	 5.75E-01	 6.02E-01	 
Cs-133 	 133	 55	  78	 2.81E-01	 3.02E-01	 2.95E-01
Cs-134 	 134	 55	  79	 9.23E-03	 8.06E-03	 7.88E-03
Cs-135 	 135	 55	  80	 2.01E-02	 2.37E-02	 2.25E-02
Cs-137 	 137	 55	  82	 2.80E-01	 2.94E-01	 
Ba-134 	 134	 56	  78	 4.57E-03	 4.00E-03	 
Ba-135 	 135	 56	  79	 1.08E-06	 1.56E-06	 
Ba-137m	 137	 56	  81	 4.26E-08	 4.48E-08	 
Ba-137 	 137	 56	  81	 8.50E-03	 9.05E-03	 
Ba-138 	 138	 56	  82	 2.81E-01	 3.00E-01	 
La-139 	 139	 57	  82	 2.73E-01	 2.90E-01	 2.86E-01
Ce-140 	 140	 58	  82	 2.73E-01	 3.05E-01	 
Ce-141 	 141	 58	  83	 2.26E-05	 2.26E-05	 
Ce-142 	 142	 58	  84	 2.53E-01	 2.71E-01	 
Ce-144 	 144	 58	  86	 6.94E-02	 7.31E-02	 
Pr-141 	 141	 59	  82	 2.52E-01	 2.69E-01	 
Pr-143 	 143	 59	  84	 1.67E-10	 1.75E-10	 
Pr-144 	 144	 59	  85	 2.93E-06	 3.09E-06	 
Pr-144m	 144	 59	  85	 1.46E-08	 1.54E-08	 
Nd-142 	 142	 60	  82	 1.80E-03	 2.18E-03	 
Nd-143 	 143	 60	  83	 1.89E-01	 2.05E-01	 1.89E-01
Nd-144 	 144	 60	  84	 2.05E-01	 2.22E-01	 2.28E-01
Nd-145 	 145	 60	  85	 1.58E-01	 1.70E-01	 1.67E-01
Nd-146 	 146	 60	  86	 1.43E-01	 1.51E-01	 1.49E-01
Nd-147 	 147	 60	  87	 7.60E-13	 8.65E-13	 7.12E-13
Nd-148 	 148	 60	  88	 8.37E-02	 8.71E-02	 9.15E-02
Nd-150 	 150	 60	  90	 4.17E-02	 4.24E-02	 4.24E-02
Pm-147 	 147	 61	  86	 6.06E-02	 6.38E-02	 6.04E-02
Pm-148 	 148	 61	  87	 7.62E-09	 4.64E-09	 6.45E-09
Pm-148m	 148	 61	  87	 8.50E-07	 6.34E-07	 7.02E-07
Sm-147 	 147	 62	  85	 2.37E-02	 2.54E-02	 2.41E-02
Sm-148 	 148	 62	  86	 1.06E-02	 9.95E-03	 9.61E-03
Sm-149 	 149	 62	  87	 1.69E-03	 1.76E-03	 1.60E-03
Sm-150 	 150	 62	  88	 6.23E-02	 6.82E-02	 6.39E-02
Sm-151 	 151	 62	  89	 2.67E-03	 2.51E-03	 2.74E-03
Sm-152 	 152	 62	  90	 4.16E-02	 4.43E-02	 4.40E-02
Sm-154 	 154	 62	  92	 1.03E-02	 8.76E-03	 
Eu-151 	 151	 63	  88	 2.10E-05	 2.02E-05	 2.20E-05
Eu-152 	 152	 63	  89	 1.03E-06	 1.82E-06	 
Eu-153 	 153	 63	  90	 1.92E-02	 2.02E-02	 2.10E-02
Eu-154 	 154	 63	  91	 3.70E-03	 3.73E-03	 3.06E-03
Eu-155 	 155	 63	  92	 1.70E-03	 1.58E-03	 1.19E-03
Eu-156 	 156	 63	  93	 7.99E-11	 8.69E-11	 6.44E-11
Gd-152 	 152	 64	  88	 2.15E-08	 2.09E-06	 
Gd-154 	 154	 64	  90	 3.92E-04	 3.78E-04	 
Gd-155 	 155	 64	  91	 2.66E-04	 2.39E-04	 3.64E-04
Gd-156 	 156	 64	  92	 8.14E-03	 9.02E-03	 6.60E-03
Gd-157 	 157	 64	  93	 5.50E-05	 2.16E-05	 1.27E-05
Gd-158 	 158	 64	  94	 5.84E-03	 3.12E-03	 
Gd-160 	 160	 64	  96	 2.78E-04	 2.43E-04	 
Tb-159 	 159	 65	  94	 5.87E-04	 5.36E-04	 
Tl-207 	 207	 81	 126	 2.50E-20	 2.80E-20	 
Tl-208 	 208	 81	 127	 2.29E-16	 4.27E-17	 
Tl-209 	 209	 81	 128	 4.84E-25	 3.25E-24	 
Pb-206 	 206	 82	 124	 4.50E-23	 6.24E-22	 
Pb-207 	 207	 82	 125	 9.61E-16	 1.19E-15	 
Pb-208 	 208	 82	 126	 3.19E-11	 6.32E-12	 
Pb-209 	 209	 82	 127	 1.98E-21	 1.33E-20	 
Pb-210 	 210	 82	 128	 2.57E-20	 1.75E-19	 
Pb-211 	 211	 82	 129	 1.93E-19	 2.17E-19	 
Pb-212 	 212	 82	 130	 1.36E-13	 2.52E-14	 
Pb-214 	 214	 82	 132	 6.62E-24	 3.11E-23	 
Bi-209 	 209	 83	 126	 1.43E-18	 7.97E-17	 
Bi-210 	 210	 83	 127	 1.48E-23	 1.08E-22	 
Bi-211 	 211	 83	 128	 1.14E-20	 1.28E-20	 
Bi-212 	 212	 83	 129	 1.29E-14	 2.39E-15	 
Bi-213 	 213	 83	 130	 4.69E-22	 3.18E-21	 
Bi-214 	 214	 83	 131	 4.89E-24	 2.31E-23	 
Po-210 	 210	 84	 126	 1.26E-22	 1.17E-21	 
Po-212 	 212	 84	 128	 6.80E-25	 1.26E-25	 
Po-213 	 213	 84	 129	 6.64E-31	 4.77E-30	 
Po-214 	 214	 84	 130	 6.74E-31	 3.18E-25	 
Po-215 	 215	 84	 131	 1.61E-25	 1.82E-25	 
Po-216 	 216	 84	 132	 5.43E-19	 1.00E-19	 
Po-218 	 218	 84	 134	 7.67E-25	 3.60E-24	 
At-217 	 217	 85	 132	 5.54E-27	 3.82E-26	 
Rn-219 	 219	 86	 133	 3.65E-22	 4.12E-22	 
Rn-220 	 220	 86	 134	 2.05E-16	 3.79E-17	 
Rn-222 	 222	 86	 136	 1.41E-21	 6.63E-21	 
Fr-221 	 221	 87	 134	 5.08E-23	 3.47E-22	 
Ra-223 	 223	 88	 135	 9.28E-17	 1.05E-16	 
Ra-224 	 224	 88	 136	 1.18E-12	 2.20E-13	 
Ra-225 	 225	 88	 137	 2.44E-19	 1.57E-18	 
Ra-226 	 226	 88	 138	 2.28E-16	 1.03E-15	 
Ra-228 	 228	 88	 140	 8.94E-19	 9.79E-19	 
Ac-225 	 225	 89	 136	 1.55E-19	 1.06E-18	 
Ac-227 	 227	 89	 138	 7.49E-14	 7.40E-14	 
Ac-228 	 228	 89	 139	 1.09E-22	 1.19E-22	 
Th-227 	 227	 90	 137	 1.63E-16	 1.72E-16	 
Th-228 	 228	 90	 138	 2.36E-10	 4.27E-11	 
Th-229 	 229	 90	 139	 4.88E-14	 2.89E-13	 
Th-230 	 230	 90	 140	 6.53E-11	 1.97E-10	 
Th-231 	 231	 90	 141	 8.43E-12	 8.15E-12	 
Th-232 	 232	 90	 142	 3.04E-08	 3.06E-08	 
Th-234 	 234	 90	 144	 1.43E-08	 1.43E-08	 
Pa-231 	 231	 91	 140	 3.96E-09	 3.81E-09	 
Pa-233 	 233	 91	 142	 1.05E-09	 1.17E-09	 
Pa-234m	 234	 91	 143	 4.82E-13	 4.82E-13	 
U-232  	 232	 92	 140	 4.63E-08	 7.93E-09	 
U-233  	 233	 92	 141	 1.62E-08	 3.20E-08	 
U-234  	 234	 92	 142	 3.99E-05	 7.54E-05	 3.62E-05
U-235  	 235	 92	 143	 2.07E+00	 2.00E+00	 2.12E+00
U-236  	 236	 92	 144	 7.64E-01	 7.65E-01	 7.58E-01
U-237  	 237	 92	 145	 5.68E-09	 9.08E-09	 
U-238  	 238	 92	 146	 9.85E+02	 9.85E+02	 9.85E+02
U-240  	 240	 92	 148	 2.57E-17	 1.93E-17	 
Np-237 	 237	 93	 144	 3.09E-02	 3.45E-02	 2.84E-02
Np-239 	 239	 93	 146	 2.47E-09	 2.74E-09	 
Np-240m	 240	 93	 147	 2.28E-19	 1.69E-19	 
Pu-236 	 236	 94	 142	 1.45E-07	 2.31E-08	 1.39E-08
Pu-238 	 238	 94	 144	 4.53E-03	 4.68E-03	 4.24E-03
Pu-239 	 239	 94	 145	 2.70E+00	 2.56E+00	 2.61E+00
Pu-240 	 240	 94	 146	 1.14E+00	 9.02E-01	 1.06E+00
Pu-241 	 241	 94	 147	 1.99E-01	 2.93E-01	 2.25E-01
Pu-242 	 242	 94	 148	 6.65E-02	 8.18E-02	 7.44E-02
Pu-243 	 243	 94	 149	 4.75E-20	 2.15E-20	 
Pu-244 	 244	 94	 150	 1.35E-06	 1.01E-06	 
Am-241 	 241	 95	 146	 1.11E-02	 1.64E-02	 1.27E-02
Am-242m	 242	 95	 147	 1.73E-05	 3.19E-05	 1.42E-05
Am-242 	 242	 95	 147	 2.08E-10	 3.82E-10	 
Am-243 	 243	 95	 148	 2.87E-03	 3.19E-03	 3.67E-03
Cm-242 	 242	 96	 146	 1.12E-04	 1.12E-04	 
Cm-243 	 243	 96	 147	 4.81E-06	 4.43E-06	 
Cm-244 	 244	 96	 148	 2.34E-04	 2.37E-04	 
Cm-245 	 245	 96	 149	 2.29E-06	 1.99E-06	 
Cm-246 	 246	 96	 150	 2.22E-07	 1.90E-07	 
Cm-247 	 247	 96	 151	 1.31E-09	 6.04E-10	 
Cm-248 	 248	 96	 152	 2.86E-11	 1.43E-11	 
Bk-249 	 249	 97	 152	 3.84E-14	 2.04E-14	 
Cf-249 	 249	 98	 151	 4.92E-14	 2.60E-14	 
Cf-250 	 250	 98	 152	 1.57E-14	 7.70E-15	 
Cf-251 	 251	 98	 153	 2.39E-15	 1.92E-15	 