Nuclide,A,Z,N,CANIGEN,ORIGEN-S,WIMS
H-3,3,1,2,1.74e-05,1.37e-05, 
Ge-76,76,32,44,7.57e-05,8.3e-05, 
As-75,75,33,42,2.75e-05,3e-05, 
Se-77,77,34,43,0.000178,0.000196, 
Se-78,78,34,44,0.000473,0.000507, 
Se-79,79,34,45,0.00117,0.0013, 
Se-80,80,34,46,0.00298,0.00321, 
Se-82,82,34,48,0.00724,0.00786, 
Br-79,79,35,44,1.62e-08,2.19e-08, 
Br-81,81,35,46,0.0049,0.00533, 
Kr-83,83,36,47,0.00912,0.00992, 9.80E-03
Kr-84,84,36,48,0.022,0.0243, 
Kr-85,85,36,49,0.00505,0.0056, 
Kr-86,86,36,50,0.0376,0.0419, 
Rb-85,85,37,48,0.0206,0.0229, 
Rb-87,87,37,50,0.0491,0.0548, 
Sr-88,88,38,50,0.0711,0.0792, 
Sr-89,89,38,51,0.000217,0.000188, 
Sr-90,90,38,52,0.113,0.126, 
Y-89,89,39,50,0.0939,0.105, 
Y-90,90,39,51,2.84e-05,3.16e-05, 
Y-91,91,39,52,0.000556,0.000571, 
Zr-90,90,40,50,0.00363,0.00414, 
Zr-91,91,40,51,0.123,0.137, 
Zr-92,92,40,52,0.134,0.147, 
Zr-93,93,40,53,0.154,0.168, 
Zr-94,94,40,54,0.164,17.9, 
Zr-95,95,40,55,0.00127,0.00129, 
Zr-96,96,40,56,0.176,0.189, 
Nb-93,93,41,52,7.54e-09,1.18e-08, 
Nb-93m,93,41,52,8.52e-08,9.57e-08, 
Nb-95,95,41,54,0.0015,0.0016, 
Mo-95,95,42,53,0.17,0.184, 1.83E-01
Mo-96,96,42,54,0.00113,0.00131, 
Mo-97,97,42,55,0.181,0.193, 
Mo-98,98,42,56,0.185,0.196, 1.95E-01
Mo-100,100,42,58,0.215,0.226, 
Tc-99,99,43,56,0.192,0.205, 2.03E-01
Ru-100,100,44,56,0.00608,0.00689, 
Ru-101,101,44,57,0.181,0.189, 1.89E-01
Ru-102,102,44,58,0.174,0.18, 
Ru-103,103,44,59,8.09e-05,7.53e-05, 7.33E-05
Ru-104,104,44,60,0.135,0.133, 
Ru-106,106,44,62,0.0351,0.033, 
Rh-103,103,45,58,0.154,0.155, 1.53E-01
Rh-106,106,45,61,3.3e-08,3.1e-08, 
Pd-105,105,46,59,0.0839,0.0908, 9.01E-02
Pd-106,106,46,60,0.0762,0.0642, 
Pd-107,107,46,61,0.0596,0.0548, 
Pd-108,108,46,62,0.0402,0.0372, 3.78E-02
Pd-110,110,46,64,0.0116,0.0106, 
Ag-107,107,47,60,7.95e-09,7.27e-09, 
Ag-109,109,47,62,0.0227,0.0216, 2.87E-02
Ag-110m,110,47,63,3.26e-05,3.04e-05, 
Cd-110,110,48,62,0.00333,0.00254, 
Cd-111,111,48,63,0.00533,0.00487, 
D-112,112,48,64,0.00237,0.00219, 
Cd-113m,113,48,65,0.00277,3.12e-05, 
Cd-113,113,48,65,3.23e-05,3.39e-05, 2.77E-05
Cd-114,114,48,66,0.00281,0.00266, 
Cd-116,116,48,68,0.000875,0.000868, 
In-115,115,49,66,0.000655,0.00066, 6.78E-04
Sn-117,117,50,67,0.000877,0.000875, 
Sn-118,118,50,68,0.000902,0.000907, 
Sn-119m,119,50,69,4.4e-06,3.69e-06, 
Sn-119,119,50,69,0.000905,0.000904, 
Sn-120,120,50,70,0.000926,0.000932, 
Sn-121m,121,50,71,9.35e-07,7.26e-07, 
Sn-122,122,50,72,0.00104,0.00104, 
Sn-123,123,50,73,5.16e-05,2.5e-05, 
Sn-124,124,50,74,0.00155,0.00157, 
Sn-126,126,50,76,0.00487,0.00498, 
Sb-121,121,51,70,0.000967,0.000983, 
Sb-123,123,51,72,0.00113,0.00119, 
Sb-124,124,51,73,6.38e-08,8.92e-08, 
Sb-125,125,51,74,0.00217,0.00223, 
Sb-126,126,51,75,2.31e-10,2.37e-10, 
Te-125m,125,52,73,3.06e-05,3.1e-05, 
Te-125,125,52,73,0.000789,0.000787, 
Te-126,126,52,74,0.000156,0.000141, 
Te-127m,127,52,75,0.000106,0.0001, 
Te-128,128,52,76,0.0243,0.025, 
Te-129m,129,52,77,1.35e-06,8.52e-07, 
Te-130,130,52,78,0.0823,0.085, 
I-127,127,53,74,0.0118,0.0123, 1.18E-02
I-129,129,53,76,0.0435,0.0449, 
I-131,131,53,78,1.72e-16,1.7e-16, 1.92E-16
Xe-129,129,54,75,2.35e-09,3.12e-07, 
Xe-131,131,54,77,0.124,0.131, 
Xe-132,132,54,78,0.22,0.23, 
Xe-134,134,54,80,0.328,0.351, 
Xe-136,136,54,82,0.575,0.602, 
Cs-133,133,55,78,0.281,0.302, 2.95E-01
Cs-134,134,55,79,0.00923,0.00806, 7.88E-03
Cs-135,135,55,80,0.0201,0.0237, 2.25E-02
Cs-137,137,55,82,0.28,0.294, 
Ba-134,134,56,78,0.00457,0.004, 
Ba-135,135,56,79,1.08e-06,1.56e-06, 
Ba-137m,137,56,81,4.26e-08,4.48e-08, 
Ba-137,137,56,81,0.0085,0.00905, 
Ba-138,138,56,82,0.281,0.3, 
La-139,139,57,82,0.273,0.29, 2.86E-01
Ce-140,140,58,82,0.273,0.305, 
Ce-141,141,58,83,2.26e-05,2.26e-05, 
Ce-142,142,58,84,0.253,0.271, 
Ce-144,144,58,86,0.0694,0.0731, 
Pr-141,141,59,82,0.252,0.269, 
Pr-143,143,59,84,1.67e-10,1.75e-10, 
Pr-144,144,59,85,2.93e-06,3.09e-06, 
Pr-144m,144,59,85,1.46e-08,1.54e-08, 
Nd-142,142,60,82,0.0018,0.00218, 
Nd-143,143,60,83,0.189,0.205, 1.89E-01
Nd-144,144,60,84,0.205,0.222, 2.28E-01
Nd-145,145,60,85,0.158,0.17, 1.67E-01
Nd-146,146,60,86,0.143,0.151, 1.49E-01
Nd-147,147,60,87,7.6e-13,8.65e-13, 7.12E-13
Nd-148,148,60,88,0.0837,0.0871, 9.15E-02
Nd-150,150,60,90,0.0417,0.0424, 4.24E-02
Pm-147,147,61,86,0.0606,0.0638, 6.04E-02
Pm-148,148,61,87,7.62e-09,4.64e-09, 6.45E-09
Pm-148m,148,61,87,8.5e-07,6.34e-07, 7.02E-07
Sm-147,147,62,85,0.0237,0.0254, 2.41E-02
Sm-148,148,62,86,0.0106,0.00995, 9.61E-03
Sm-149,149,62,87,0.00169,0.00176, 1.60E-03
Sm-150,150,62,88,0.0623,0.0682, 6.39E-02
Sm-151,151,62,89,0.00267,0.00251, 2.74E-03
Sm-152,152,62,90,0.0416,0.0443, 4.40E-02
Sm-154,154,62,92,0.0103,0.00876, 
Eu-151,151,63,88,2.1e-05,2.02e-05, 2.20E-05
Eu-152,152,63,89,1.03e-06,1.82e-06, 
Eu-153,153,63,90,0.0192,0.0202, 2.10E-02
Eu-154,154,63,91,0.0037,0.00373, 3.06E-03
Eu-155,155,63,92,0.0017,0.00158, 1.19E-03
Eu-156,156,63,93,7.99e-11,8.69e-11, 6.44E-11
Gd-152,152,64,88,2.15e-08,2.09e-06, 
Gd-154,154,64,90,0.000392,0.000378, 
Gd-155,155,64,91,0.000266,0.000239, 3.64E-04
Gd-156,156,64,92,0.00814,0.00902, 6.60E-03
Gd-157,157,64,93,5.5e-05,2.16e-05, 1.27E-05
Gd-158,158,64,94,0.00584,0.00312, 
Gd-160,160,64,96,0.000278,0.000243, 
Tb-159,159,65,94,0.000587,0.000536, 
Tl-207,207,81,126,2.5e-20,2.8e-20, 
Tl-208,208,81,127,2.29e-16,4.27e-17, 
Tl-209,209,81,128,4.84e-25,3.25e-24, 
Pb-206,206,82,124,4.5e-23,6.24e-22, 
Pb-207,207,82,125,9.61e-16,1.19e-15, 
Pb-208,208,82,126,3.19e-11,6.32e-12, 
Pb-209,209,82,127,1.98e-21,1.33e-20, 
Pb-210,210,82,128,2.57e-20,1.75e-19, 
Pb-211,211,82,129,1.93e-19,2.17e-19, 
Pb-212,212,82,130,1.36e-13,2.52e-14, 
Pb-214,214,82,132,6.62e-24,3.11e-23, 
Bi-209,209,83,126,1.43e-18,7.97e-17, 
Bi-210,210,83,127,1.48e-23,1.08e-22, 
Bi-211,211,83,128,1.14e-20,1.28e-20, 
Bi-212,212,83,129,1.29e-14,2.39e-15, 
Bi-213,213,83,130,4.69e-22,3.1800000000000004e-21, 
Bi-214,214,83,131,4.89e-24,2.3099999999999999e-23, 
Po-210,210,84,126,1.26e-22,1.1700000000000001e-21, 
Po-212,212,84,128,6.8e-25,1.2599999999999999e-25, 
Po-213,213,84,129,6.64e-31,4.7699999999999996e-30, 
Po-214,214,84,130,6.74e-31,3.18e-25, 
Po-215,215,84,131,1.61e-25,1.82e-25, 
Po-216,216,84,132,5.43e-19,1e-19, 
Po-218,218,84,134,7.67e-25,3.6e-24, 
At-217,217,85,132,5.5400000000000005e-27,3.82e-26, 
Rn-219,219,86,133,3.65e-22,4.1200000000000003e-22, 
Rn-220,220,86,134,2.05e-16,3.79e-17, 
Rn-222,222,86,136,1.41e-21,6.6300000000000006e-21, 
Fr-221,221,87,134,5.0799999999999994e-23,3.47e-22, 
Ra-223,223,88,135,9.28e-17,1.05e-16, 
Ra-224,224,88,136,1.18e-12,2.2e-13, 
Ra-225,225,88,137,2.44e-19,1.57e-18, 
Ra-226,226,88,138,2.28e-16,1.03e-15, 
Ra-228,228,88,140,8.94e-19,9.79e-19, 
Ac-225,225,89,136,1.55e-19,1.06e-18, 
Ac-227,227,89,138,7.49e-14,7.4e-14, 
Ac-228,228,89,139,1.09e-22,1.19e-22, 
Th-227,227,90,137,1.63e-16,1.72e-16, 
Th-228,228,90,138,2.36e-10,4.27e-11, 
Th-229,229,90,139,4.88e-14,2.89e-13, 
Th-230,230,90,140,6.53e-11,1.97e-10, 
Th-231,231,90,141,8.43e-12,8.15e-12, 
Th-232,232,90,142,3.04e-08,3.06e-08, 
Th-234,234,90,144,1.43e-08,1.43e-08, 
Pa-231,231,91,140,3.96e-09,3.81e-09, 
Pa-233,233,91,142,1.05e-09,1.17e-09, 
Pa-234m,234,91,143,4.82e-13,4.82e-13, 
U-232,232,92,140,4.63e-08,7.93e-09, 
U-233,233,92,141,1.62e-08,3.2e-08, 
U-234,234,92,142,3.99e-05,7.54e-05, 3.62E-05
U-235,235,92,143,2.07,2.0, 2.12E+00
U-236,236,92,144,0.764,0.765, 7.58E-01
U-237,237,92,145,5.68e-09,9.08e-09, 
U-238,238,92,146,985.0,985.0, 9.85E+02
U-240,240,92,148,2.57e-17,1.93e-17, 
Np-237,237,93,144,0.0309,0.0345, 2.84E-02
Np-239,239,93,146,2.47e-09,2.74e-09, 
Np-240m,240,93,147,2.28e-19,1.69e-19, 
Pu-236,236,94,142,1.45e-07,2.31e-08, 1.39E-08
Pu-238,238,94,144,0.00453,0.00468, 4.24E-03
Pu-239,239,94,145,2.7,2.56, 2.61E+00
Pu-240,240,94,146,1.14,0.902, 1.06E+00
Pu-241,241,94,147,0.199,0.293, 2.25E-01
Pu-242,242,94,148,0.0665,0.0818, 7.44E-02
Pu-243,243,94,149,4.75e-20,2.15e-20, 
Pu-244,244,94,150,1.35e-06,1.01e-06, 
Am-241,241,95,146,0.0111,0.0164, 1.27E-02
Am-242m,242,95,147,1.73e-05,3.19e-05, 1.42E-05
Am-242,242,95,147,2.08e-10,3.82e-10, 
Am-243,243,95,148,0.00287,0.00319, 3.67E-03
Cm-242,242,96,146,0.000112,0.000112, 
Cm-243,243,96,147,4.81e-06,4.43e-06, 
Cm-244,244,96,148,0.000234,0.000237, 
Cm-245,245,96,149,2.29e-06,1.99e-06, 
Cm-246,246,96,150,2.22e-07,1.9e-07, 
Cm-247,247,96,151,1.31e-09,6.04e-10, 
Cm-248,248,96,152,2.86e-11,1.43e-11, 
Bk-249,249,97,152,3.84e-14,2.04e-14, 
Cf-249,249,98,151,4.92e-14,2.6e-14, 
Cf-250,250,98,152,1.57e-14,7.7e-15, 
Cf-251,251,98,153,2.39e-15,1.92e-15, 
